[{"DocumentTypeId":"Resume_Data.Resume_data_collection.Candidate_details","Keywords":[{"Values":["summary"],"NumberOfTimesConfirmed":1,"LastUpdated":"2023-01-21T18:06:27.2890906+05:30"},{"Values":["experience"],"NumberOfTimesConfirmed":1,"LastUpdated":"2023-01-21T18:06:27.2890906+05:30"},{"Values":["qualifications"],"NumberOfTimesConfirmed":1,"LastUpdated":"2023-01-21T18:06:27.2890906+05:30"},{"Values":["achievements"],"NumberOfTimesConfirmed":1,"LastUpdated":"2023-01-21T18:06:27.2890906+05:30"},{"Values":["education"],"NumberOfTimesConfirmed":1,"LastUpdated":"2023-01-21T18:06:27.2890906+05:30"},{"Values":["skills"],"NumberOfTimesConfirmed":1,"LastUpdated":"2023-01-21T18:06:27.2890906+05:30"}]}]
